{"initial_reset_timestamp": 1619359920.230408, "timestamps": [1619359928.5867362], "episode_lengths": [200], "episode_rewards": [-235.6116205819178], "episode_types": ["t"]}