{"initial_reset_timestamp": 1619355975.300353, "timestamps": [1619355983.946846], "episode_lengths": [200], "episode_rewards": [-1764.3741806263147], "episode_types": ["t"]}